School, City and State, Region, Conference, Division,,,,,
Abilene Christian," ""Abilene"," TEXAS""", Mid South, Southland Conference  , NCAA I-AA  ,X,,,
Air Force," ""USAFA"," COLORADO""", South West, Mountain West Conference  , NCAA I-A  ,0,Air Force,#0000FF,#C0C0C0
Akron," ""Akron"," OHIO""", Great Lakes, Mid-American Conference  , NCAA I-A  ,0,Akron,#00285C,#CAB388
Alabama," ""Tuscaloosa"," ALABAMA""", South East, Southeastern Conference  , NCAA I-A  ,0,Alabama,#990000,#ffffff
Alabama - Birmingham," ""Birmingham"," ALABAMA""", South East, Conference USA  , NCAA I-A  ,#REF!,UAB,#008000,#FFFFFF
Alabama A&M," ""Normal"," ALABAMA""", South East, Southwestern Athletic Conference  , NCAA I-AA  ,0,Alabama A&M,,
Alabama State," ""Montgomery"," ALABAMA""", South East, Southwestern Athletic Conference  , NCAA I-AA  ,0,Alabama State,#000000,#000000
Albany," ""Albany"," NEW YORK""", North East, Colonial Athletic Association  , NCAA I-AA  ,0,Albany,#452663,#FFC726
Alcorn State," ""Alcorn State"," MISSISSIPPI""", Mid South, Southwestern Athletic Conference  , NCAA I-AA  ,0,Alcorn State,#4b0082,#daa520
Appalachian State," ""Boone"," NORTH CAROLINA""", Mid East, Sun Belt Conference  , NCAA I-A  ,0,Appalachian State,#b5013b,#3600a0
Arizona," ""Tucson"," ARIZONA""", South West, Pacific-12 Conference  , NCAA I-A  ,0,Arizona,#C41E3A,#000060
Arizona State," ""Tempe"," ARIZONA""", South West, Pacific-12 Conference  , NCAA I-A  ,0,Arizona State,#800000,#FFD700
Arkansas," ""Fayetteville"," ARKANSAS""", Mid South, Southeastern Conference  , NCAA I-A  ,0,Arkansas,#C41E3A,#FFFFFF
Arkansas at Pine Bluff," ""Pine Bluff"," ARKANSAS""", Mid South, Southwestern Athletic Conference  , NCAA I-AA  ,X,Arkansas State,#FF2400,#000000
Arkansas State," ""Jonesboro"," ARKANSAS""", Mid South, Sun Belt Conference  , NCAA I-A  ,#REF!,Arkansas-Pine Bluff,#800000,#c4c8cb
Army," ""West Point"," NEW YORK""", North East, Division I-A Independents  , NCAA I-A  ,X,Army,#000000,#FFD700
Auburn," ""Auburn"," ALABAMA""", South East, Southeastern Conference  , NCAA I-A  ,X,Auburn,#dd550c,#03244d
Austin Peay State," ""Clarksville"," TENNESSEE""", Mid East, Ohio Valley Conference  , NCAA I-AA  ,X,Austin Peay,#D2DDFC,#D2DDFC
Ball State," ""Muncie"," INDIANA""", Great Lakes, Mid-American Conference  , NCAA I-A  ,X,Ball State,#CC0000,#FFFFFF
Baylor," ""Waco"," TEXAS""", Mid South, Big 12 Conference  , NCAA I-A  ,X,Baylor,#006600,#FFCC66
Bethune-Cookman," ""Daytona Beach"," FLORIDA""", South East, Mid-Eastern Athletic Conference  , NCAA I-AA  ,#REF!,Bethune-Cookman,#6A3547,#E4A41D
Boise State," ""Boise"," IDAHO""", North West, Mountain West Conference  , NCAA I-A  ,X,Boise State,#1F60A9,#1F60A9
Boston College," ""Chestnut Hill"," MASSACHUSETTS""", New England, Atlantic Coast Conference  , NCAA I-A  ,#REF!,Boston College,#8B0000,#C5B358
Bowling Green State," ""Bowling Green"," OHIO""", Great Lakes, Mid-American Conference  , NCAA I-A  ,#REF!,Bowling Green State,#FF7300,#613005
Brigham Young," ""Provo"," UTAH""", South West, Other  , NCAA I-A  ,X,Brigham Young,#001E4C,#d1d1b5
Brown," ""Providence"," RHODE ISLAND""", New England, Ivy League  , NCAA I-AA  ,#REF!,Brown,#321414,#C41E3A
Bryant," ""Smithfield"," RHODE ISLAND""", New England, Northeast Conference  , NCAA I-AA  ,#REF!,Bryant,#000000,#BDB76B
Bucknell," ""Lewisburg"," PENNSYLVANIA""", North East, Patriot League  , NCAA I-AA  ,X,Bucknell,#FF9900,#003399
Buffalo," ""Buffalo"," NEW YORK""", North East, Mid-American Conference  , NCAA I-A  ,X,Buffalo,#ffffff,#ffffff
Butler," ""Indianapolis"," INDIANA""", Great Lakes, Big East Conference  , NCAA I-AA  ,#REF!,Butler,#00386D,#FFFFFF
Cal Poly," ""San Luis Obispo"," CALIFORNIA""", West Coast, Big Sky Conference  , NCAA I-AA  ,X,Cal Poly,#1E4D2B,#C6930A
California," ""Berkeley"," CALIFORNIA""", West Coast, Pacific-12 Conference  , NCAA I-A  ,#REF!,California,#191970,#FCD116
California State Fresno," ""Fresno"," CALIFORNIA""", West Coast, Mountain West Conference  , NCAA I-A  ,#REF!,,,
California State Sacramento," ""Sacramento"," CALIFORNIA""", West Coast, Big Sky Conference  , NCAA I-AA  ,X,,,
Campbell," ""Buies Creek"," NORTH CAROLINA""", Mid East, Pioneer Football League  , NCAA I-AA  ,X,Campbell,#FF7F00,#000000
Central Arkansas," ""Conway"," ARKANSAS""", Mid South, Southland Conference  , NCAA I-AA  ,X,Central Arkansas,,
Central Connecticut State," ""New Britain"," CONNECTICUT""", New England, Northeast Conference  , NCAA I-AA  ,X,Central Connecticut State,#00539B,#FFFFFF
Central Florida," ""Orlando"," FLORIDA""", South East, American Athletic Conference  , NCAA I-A  ,X,Central FL,,
Central Michigan," ""Mount Pleasant"," MICHIGAN""", Great Lakes, Mid-American Conference  , NCAA I-A  ,X,Central Michigan,#660033,#FFCC00
Charleston Southern," ""Charleston"," SOUTH CAROLINA""", South East, Big South Conference  , NCAA I-AA  ,X,Charleston Southern,#ffffff,#ffffff
Chattanooga," ""Chattanooga"," TENNESSEE""", Mid East, Southern Conference  , NCAA I-AA  ,#REF!,Chattanooga,,
Cincinnati," ""Cincinnati"," OHIO""", Great Lakes, American Athletic Conference  , NCAA I-A  ,#REF!,Cincinnati,#E00122,#000000
Citadel," ""Charleston"," SOUTH CAROLINA""", South East, Southern Conference  , NCAA I-AA  ,#REF!,Citadel,#B0C4DE,#B0C4DE
Clemson," ""Clemson"," SOUTH CAROLINA""", South East, Atlantic Coast Conference  , NCAA I-A  ,X,Clemson,#FF6300,#330066
Coastal Carolina," ""Conway"," SOUTH CAROLINA""", South East, Sun Belt Conference  , NCAA I-A  ,X,Coastal Carolina,#008080,#A67D3D
Colgate," ""Hamilton"," NEW YORK""", North East, Patriot League  , NCAA I-AA  ,#REF!,Colgate,#ca030a,#ca030a
Colorado," ""Boulder"," COLORADO""", South West, Pacific-12 Conference  , NCAA I-A  ,#REF!,Colorado,#C0C0C0,#CEBE70
Colorado State," ""Fort Collins"," COLORADO""", South West, Mountain West Conference  , NCAA I-A  ,#REF!,Colorado State,#00A550,#FFFFFF
Columbia," ""New York"," NEW YORK""", North East, Ivy League  , NCAA I-AA  ,X,Columbia,#9BDDFF,#FFFFFF
Connecticut," ""Storrs"," CONNECTICUT""", New England, Big East Conference  , NCAA I-A  ,X,Connecticut,,
Cornell," ""Ithaca"," NEW YORK""", North East, Ivy League  , NCAA I-AA  ,X,Cornell,#69005C,#69005C
Dartmouth," ""Hanover"," NEW HAMPSHIRE""", New England, Ivy League  , NCAA I-AA  ,X,Dartmouth,#00693E,#FFFFFF
Davidson," ""Davidson"," NORTH CAROLINA""", Mid East, Pioneer Football League  , NCAA I-AA  ,#REF!,Davidson,#FF0000,#000000
Dayton," ""Dayton"," OHIO""", Great Lakes, Pioneer Football League  , NCAA I-AA  ,X,Dayton,#FF0000,#9BDDFF
Delaware," ""Newark"," DELAWARE""", North East, Colonial Athletic Association  , NCAA I-AA  ,#REF!,Delaware,,
Delaware State," ""Dover"," DELAWARE""", North East, Mid-Eastern Athletic Conference  , NCAA I-AA  ,X,Delaware State,#ff0000,#0097d8
Drake," ""Des Moines"," IOWA""", Mid West, Pioneer Football League  , NCAA I-AA  ,#REF!,Drake,#ffffff,#FCA120
Duke," ""Durham"," NORTH CAROLINA""", Mid East, Atlantic Coast Conference  , NCAA I-A  ,X,Duke,#000066,#FFDB56
Duquesne," ""Pittsburgh"," PENNSYLVANIA""", North East, Northeast Conference  , NCAA I-AA  ,X,Duquesne,#000066,#000066
East Carolina," ""Greenville"," NORTH CAROLINA""", Mid East, American Athletic Conference  , NCAA I-A  ,X,East Carolina,#592A8A,#FEC923
East Tennessee State," ""Johnson City"," TENNESSEE""", Mid East, Southern Conference  , NCAA I-AA  ,#REF!,East Tennessee State,#000080,#CFB53B
Eastern Illinois," ""Charleston"," ILLINOIS""", Great Lakes, Ohio Valley Conference  , NCAA I-AA  ,X,Eastern Illinois,,
Eastern Kentucky," ""Richmond"," KENTUCKY""", Mid East, Ohio Valley Conference  , NCAA I-AA  ,#REF!,Eastern Kentucky,#7A0019,#FFFFFF
Eastern Michigan," ""Ypsilanti"," MICHIGAN""", Great Lakes, Mid-American Conference  , NCAA I-A  ,X,Eastern Michigan,#005d28,#ffffff
Eastern Washington," ""Cheney"," WASHINGTON""", West Coast, Big Sky Conference  , NCAA I-AA  ,X,Eastern Washington,#a10022,#DBCDFF
Elon," ""Elon"," NORTH CAROLINA""", Mid East, Colonial Athletic Association  , NCAA I-AA  ,X,Elon,#660000,#C99F05
Florida," ""Gainesville"," FLORIDA""", South East, Southeastern Conference  , NCAA I-A  ,X,Florida,,
Florida A&M," ""Tallahassee"," FLORIDA""", South East, Mid-Eastern Athletic Conference  , NCAA I-AA  ,#REF!,Florida A&M,,
Florida Atlantic," ""Boca Raton"," FLORIDA""", South East, Conference USA  , NCAA I-A  ,X,Florida Atlantic,#003366,#CE2029
Florida International," ""Miami"," FLORIDA""", South East, Conference USA  , NCAA I-A  ,#REF!,Florida International,#002D62,#C5960C
Florida State," ""Tallahassee"," FLORIDA""", South East, Atlantic Coast Conference  , NCAA I-A  ,X,Florida State,#002D62,#C5960C
Fordham," ""Bronx"," NEW YORK""", North East, Patriot League  , NCAA I-AA  ,#REF!,Fordham,#76032E,#FFFFFF
Furman," ""Greenville"," SOUTH CAROLINA""", South East, Southern Conference  , NCAA I-AA  ,#REF!,Furman,#9a122c,#0000ff
Gardner-Webb," ""Boiling Springs"," NORTH CAROLINA""", Mid East, Big South Conference  , NCAA I-AA  ,#REF!,Gardner-Webb,,
Georgetown," ""Washington"," DISTRICT OF COLUMBIA""", North East, Patriot League  , NCAA I-AA  ,X,Georgetown,#008000,#FFCC00
Georgia," ""Athens"," GEORGIA""", South East, Southeastern Conference  , NCAA I-A  ,X,Georgia,#FF0000,#000000
Georgia Southern," ""Statesboro"," GEORGIA""", South East, Sun Belt Conference  , NCAA I-A  ,X,Georgia Southern,#000080,#FFFFFF
Georgia State," ""Atlanta"," GEORGIA""", South East, Sun Belt Conference  , NCAA I-A  ,X,Georgia State,#0000FF,#FFFFFF
Georgia Tech," ""Atlanta"," GEORGIA""", South East, Atlantic Coast Conference  , NCAA I-A  ,X,Georgia Tech,#CFB53B,#ffffff
Grambling State," ""Grambling"," LOUISIANA""", Mid South, Southwestern Athletic Conference  , NCAA I-AA  ,#REF!,Grambling State,#000000,#FFD700
Hampton," ""Hampton"," VIRGINIA""", Mid East, Big South Conference  , NCAA I-AA  ,#REF!,Hampton,#A8EDEF,#A8EDEF
Harvard," ""Cambridge"," MASSACHUSETTS""", New England, Ivy League  , NCAA I-AA  ,#REF!,Harvard,#DC143C,#000000
Hawaii," ""Honolulu"," HAWAII""", West Coast, Mountain West Conference  , NCAA I-A  ,#REF!,Hawaii,#800020,#800020
Holy Cross," ""Worcester"," MASSACHUSETTS""", New England, Patriot League  , NCAA I-AA  ,#REF!,Holy Cross,#660066,#C0C0C0
Houston," ""Houston"," TEXAS""", Mid South, American Athletic Conference  , NCAA I-A  ,X,Houston,#CC0000,#FFFFFF
Houston Baptist," ""Houston"," TEXAS""", Mid South, Southland Conference  , NCAA I-AA  ,#REF!,Houston Baptist,,
Howard," ""Washington"," DISTRICT OF COLUMBIA""", North East, Mid-Eastern Athletic Conference  , NCAA I-AA  ,X,Howard,#FF0000,#00008B
Idaho," ""Moscow"," IDAHO""", North West, Sun Belt Conference  , NCAA I-AA  ,X,Idaho,#C0C0C0,#CEBE70
Idaho State," ""Pocatello"," IDAHO""", North West, Big Sky Conference  , NCAA I-AA  ,X,Idaho State,#000000,#ff9900
Illinois," ""Champaign"," ILLINOIS""", Great Lakes, Big Ten Conference  , NCAA I-A  ,X,Illinois,#FF6600,#003366
Illinois State," ""Normal"," ILLINOIS""", Great Lakes, Missouri Valley Conference  , NCAA I-AA  ,#REF!,Illinois State,#FF0000,#E32636
Indiana," ""Bloomington"," INDIANA""", Great Lakes, Big Ten Conference  , NCAA I-A  ,X,Indiana,#FFFFCC,#990000
Indiana State," ""Terre Haute"," INDIANA""", Great Lakes, Missouri Valley Football Conference  , NCAA I-AA  ,X,Indiana State,#0F4D92,#FFFFFF
Iowa," ""Iowa City"," IOWA""", Mid West, Big Ten Conference  , NCAA I-A  ,X,Iowa,#000000,#CFB53B
Iowa State," ""Ames"," IOWA""", Mid West, Big 12 Conference  , NCAA I-A  ,X,Iowa State,#a71930,#fdc82f
Jackson State," ""Jackson"," MISSISSIPPI""", Mid South, Southwestern Athletic Conference  , NCAA I-AA  ,X,Jackson State,#4169E1,#FFFFFF
Jacksonville," ""Jacksonville"," FLORIDA""", South East, Pioneer Football League  , NCAA I-AA  ,#REF!,Jacksonville,#215E21,#FFFFFF
Jacksonville State," ""Jacksonville"," ALABAMA""", South East, Ohio Valley Conference  , NCAA I-AA  ,#REF!,Jacksonville State,#a02643,#a02643
James Madison," ""Harrisonburg"," VIRGINIA""", Mid East, Colonial Athletic Association  , NCAA I-AA  ,#REF!,James Madison,#C2A14D,#C2A14D
Kansas," ""Lawrence"," KANSAS""", Mid West, Big 12 Conference  , NCAA I-A  ,#REF!,Kansas,#0049AE,#E31736
Kansas State," ""Manhattan"," KANSAS""", Mid West, Big 12 Conference  , NCAA I-A  ,X,Kansas State,#68217A,#FFFFFF
Kennesaw State," ""Kennesaw"," GEORGIA""", South East, Atlantic Sun Conference  , NCAA I-AA  ,X,Kennesaw State,#FEBC11,#000000
Kent State," ""Kent"," OHIO""", Great Lakes, Mid-American Conference  , NCAA I-A  ,X,Kent State,#0A0D6F,#FFAB1B
Kentucky," ""Lexington"," KENTUCKY""", Mid East, Southeastern Conference  , NCAA I-A  ,#REF!,Kentucky,#00407a,#ffffff
Lafayette," ""Easton"," PENNSYLVANIA""", North East, Patriot League  , NCAA I-AA  ,X,Lafayette,#800000,#ca030a
Lamar," ""Beaumont"," TEXAS""", Mid South, Southland Conference  , NCAA I-AA  ,#REF!,Lamar,#FF2222,#FFFFFF
Lehigh," ""Bethlehem"," PENNSYLVANIA""", North East, Patriot League  , NCAA I-AA  ,X,Lehigh,,
Liberty," ""Lynchburg"," VIRGINIA""", Mid East, Division I-AA Independents  , NCAA I-A  ,X,Liberty,#000080,#FFFFFF
Long Island," ""Brooklyn"," NEW YORK""", North East, Northeast Conference  , NCAA I-AA  ,#REF!,Long Island,#ccccff,#ccccff
Louisiana - Lafayette," ""Lafayette"," LOUISIANA""", Mid South, Sun Belt Conference  , NCAA I-A  ,X,Louisiana-Lafayette,,
Louisiana - Monroe," ""Monroe"," LOUISIANA""", Mid South, Sun Belt Conference  , NCAA I-A  ,X,Louisiana-Monroe,#800000,#FFD700
LSU," ""Baton Rouge"," LOUISIANA""", Mid South, Southeastern Conference  , NCAA I-A  ,#REF!,LSU,#461D7C,#FDD023
Louisiana Tech," ""Ruston"," LOUISIANA""", Mid South, Conference USA  , NCAA I-A  ,#REF!,Louisiana Tech,#002F8B,#FF0000
Louisville," ""Louisville"," KENTUCKY""", Mid East, Atlantic Coast Conference  , NCAA I-A  ,X,Louisville,#ff0000,#000000
Maine," ""Orono"," MAINE""", New England, Atlantic 10 Conference  , NCAA I-AA  ,X,Maine,#00244D,#78B3E0
Marist," ""Poughkeepsie"," NEW YORK""", North East, Pioneer Football League  , NCAA I-AA  ,X,Marist,#990000,#FFFFFF
Marshall," ""Huntington"," WEST VIRGINIA""", Mid East, Conference USA  , NCAA I-A  ,X,Marshall,#008000,#FFFFFF
Maryland," ""College Park"," MARYLAND""", North East, Big Ten Conference  , NCAA I-A  ,X,Maryland,#CE1126,#FFFFFF
UMASS," ""Amherst"," MASSACHUSETTS""", New England, Independent Northeast Region  , NCAA I-A  ,#REF!,Massachusetts,,
McNeese State," ""Lake Charles"," LOUISIANA""", Mid South, Southland Conference  , NCAA I-AA  ,X,McNeese State,#081C90,#081C90
Memphis," ""Memphis"," TENNESSEE""", Mid East, American Athletic Conference  , NCAA I-A  ,#REF!,Memphis,#0C1C8C,#8E9295
Mercer," ""Macon"," GEORGIA""", South East, Southern Conference  , NCAA I-AA  ,#REF!,Mercer,#E87511,#000000
Merrimack College," ""North Andover"," MASSACHUSETTS""", New England, Northeast-10 Conference  , NCAA I-AA  ,X,Merrimack College,,
Miami (FL)," ""Oxford"," OHIO""", Great Lakes, Mid-American Conference  , NCAA I-A  ,#REF!,Miami (FL),#aaccff,#aaccff
Miami (OH)," ""Coral Gables"," FLORIDA""", South East, Atlantic Coast Conference  , NCAA I-A  ,#REF!,Miami (OH),,
Michigan," ""Ann Arbor"," MICHIGAN""", Great Lakes, Big Ten Conference  , NCAA I-A  ,X,Michigan,#f5d130,#093161
Michigan State," ""East Lansing"," MICHIGAN""", Great Lakes, Big Ten Conference  , NCAA I-A  ,#REF!,Michigan State,#18453b,#FFFFFF
Middle Tennessee State," ""Murfreesboro"," TENNESSEE""", Mid East, Conference USA  , NCAA I-A  ,X,Middle Tennessee,#00407A,#FFFFFF
Minnesota," ""Minneapolis"," MINNESOTA""", Mid West, Big Ten Conference  , NCAA I-A  ,#REF!,Minnesota,#800000,#FFD700
Mississippi," ""University"," MISSISSIPPI""", Mid South, Southeastern Conference  , NCAA I-A  ,#REF!,Mississippi,,
Mississippi State," ""Mississippi State"," MISSISSIPPI""", Mid South, Southeastern Conference  , NCAA I-A  ,#REF!,Mississippi State,#74302E,#FFFFFF
Mississippi Valley State," ""Itta Bena"," MISSISSIPPI""", Mid South, Southwestern Athletic Conference  , NCAA I-AA  ,X,Mississippi Valley State,,
Missouri," ""Columbia"," MISSOURI""", Mid West, Southeastern Conference  , NCAA I-A  ,X,Missouri,#000000,#FFCC33
Missouri State," ""Springfield"," MISSOURI""", Mid West, Missouri Valley Conference  , NCAA I-AA  ,X,Missouri State,#810541,#E32636
Monmouth," ""West Long Branch"," NEW JERSEY""", North East, Big South Conference  , NCAA I-AA  ,X,Monmouth,#186ed1,#186ed1
Montana," ""Missoula"," MONTANA""", North West, Big Sky Conference  , NCAA I-AA  ,#REF!,Montana,#660033,#999999
Montana State," ""Bozeman"," MONTANA""", North West, Big Sky Conference  , NCAA I-AA  ,X,Montana State,#0a1f62,#0a1f62
Morehead State," ""Morehead"," KENTUCKY""", Mid East, Pioneer Football League  , NCAA I-AA  ,X,Morehead State,#edd5a6,#edd5a6
Morgan State," ""Baltimore"," MARYLAND""", North East, Mid-Eastern Athletic Conference  , NCAA I-AA  ,X,Morgan State,#FF8C00,#003082
Murray State," ""Murray"," KENTUCKY""", Mid East, Ohio Valley Conference  , NCAA I-AA  ,X,Murray State,#000033,#FFCC00
Navy," ""Annapolis"," MARYLAND""", North East, American Athletic Conference  , NCAA I-A  ,#REF!,Navy,#000080,#D4AF37
Nebraska," ""Lincoln"," NEBRASKA""", Mid West, Big Ten Conference  , NCAA I-A  ,X,Nebraska,#FF2400,#FFFDD0
Nevada," ""Reno"," NEVADA""", South West, Mountain West Conference  , NCAA I-A  ,X,Nevada,,
New Hampshire," ""Durham"," NEW HAMPSHIRE""", New England, Colonial Athletic Association  , NCAA I-AA  ,#REF!,New Hampshire,#00337F,#FFFFFF
New Mexico," ""Albuquerque"," NEW MEXICO""", South West, Mountain West Conference  , NCAA I-A  ,X,New Mexico,#CCCCCC,#E8112D
New Mexico State," ""Las Cruces"," NEW MEXICO""", South West, Sun Belt Conference  , NCAA I-A  ,X,New Mexico State,#800020,#800020
Nicholls State," ""Thibodaux"," LOUISIANA""", Mid South, Southland Conference  , NCAA I-AA  ,#REF!,Nicholls State,#081C90,#081C90
Norfolk State," ""Norfolk"," VIRGINIA""", Mid East, Mid-Eastern Athletic Conference  , NCAA I-AA  ,#REF!,Norfolk State,#69005C,#69005C
North Alabama," ""Florence"," ALABAMA""", South East, Gulf South Conference  , NCAA I-AA  ,X,North Alabama,,
North Carolina A&T State," ""Greensboro"," NORTH CAROLINA""", Mid East, Mid-Eastern Athletic Conference  , NCAA I-AA  ,X,North Carolina A&T,,
North Carolina," ""Chapel Hill"," NORTH CAROLINA""", Mid East, Atlantic Coast Conference  , NCAA I-A  ,X,North Carolina,#6699CC,#FFFFFF
North Carolina at Charlotte," ""Charlotte"," NORTH CAROLINA""", Mid East, Conference USA  , NCAA I-A  ,X,,,
North Carolina Central," ""Durham"," NORTH CAROLINA""", Mid East, Mid-Eastern Athletic Conference  , NCAA I-AA  ,X,North Carolina Central,,
North Carolina State," ""Raleigh"," NORTH CAROLINA""", Mid East, Atlantic Coast Conference  , NCAA I-A  ,X,North Carolina State,#e00000,#FFFFFF
North Dakota," ""Grand Forks"," NORTH DAKOTA""", North West, Big Sky Conference  , NCAA I-AA  ,X,North Dakota,#00A000,#ffffff
North Dakota State," ""Fargo"," NORTH DAKOTA""", North West, Missouri Valley Conference  , NCAA I-AA  ,X,North Dakota State,,
North Texas," ""Denton"," TEXAS""", Mid South, Conference USA  , NCAA I-A  ,X,North Texas,#059033,#FFFFFF
Northern Arizona," ""Flagstaff"," ARIZONA""", South West, Big Sky Conference  , NCAA I-AA  ,#REF!,Northern Arizona,#003366,#557565
Northern Colorado," ""Greeley"," COLORADO""", South West, Big Sky Conference  , NCAA I-AA  ,#REF!,Northern Colorado,,
Northern Illinois," ""DeKalb"," ILLINOIS""", Great Lakes, Mid-American Conference  , NCAA I-A  ,X,Northern Illinois,#000000,#C41E3A
Northern Iowa," ""Cedar Falls"," IOWA""", Mid West, Missouri Valley Conference  , NCAA I-AA  ,X,Northern Iowa,#660099,#FFD700
Northwestern," ""Evanston"," ILLINOIS""", Great Lakes, Big Ten Conference  , NCAA I-A  ,X,Northwestern,#431F81,#FFFFFF
Northwestern State," ""Natchitoches"," LOUISIANA""", Mid South, Southland Conference  , NCAA I-AA  ,X,Northwestern State,#660099,#FFFFFF
Notre Dame," ""Notre Dame"," INDIANA""", Great Lakes, Division I-A Independents  , NCAA I-A  ,#REF!,Notre Dame,#C5B358,#002649
Ohio," ""Athens"," OHIO""", Great Lakes, Mid-American Conference  , NCAA I-A  ,#REF!,Ohio,#006633,#FFFFFF
Ohio State," ""Columbus"," OHIO""", Great Lakes, Big Ten Conference  , NCAA I-A  ,#REF!,Ohio State,#FF2000,#AAAAAA
Oklahoma," ""Norman"," OKLAHOMA""", Mid South, Big 12 Conference  , NCAA I-A  ,X,Oklahoma,#960018,#FFFDD0
Oklahoma State," ""Stillwater"," OKLAHOMA""", Mid South, Big 12 Conference  , NCAA I-A  ,#REF!,Oklahoma State,#FF6600,#000000
Old Dominion," ""Norfolk"," VIRGINIA""", Mid East, Conference USA  , NCAA I-A  ,#REF!,Old Dominion,#002b5f,#a8adb4
Oregon," ""Eugene"," OREGON""", West Coast, Pacific-12 Conference  , NCAA I-A  ,#REF!,Oregon,#006666,#FFCC00
Oregon State," ""Corvallis"," OREGON""", West Coast, Pacific-12 Conference  , NCAA I-A  ,X,Oregon State,#CC5500,#000000
Penn State," ""University Park"," PENNSYLVANIA""", North East, Big Ten Conference  , NCAA I-A  ,X,Penn State,#162952,#FFFFFF
Pennsylvania - Penn," ""Philadelphia"," PENNSYLVANIA""", North East, Ivy League  , NCAA I-AA  ,X,Pennsylvania,#990000,#011F5B
Pittsburgh," ""Pittsburgh"," PENNSYLVANIA""", North East, Atlantic Coast Conference  , NCAA I-A  ,X,Pittsburgh,#091C44,#CEC499
Portland State," ""Portland"," OREGON""", West Coast, Big Sky Conference  , NCAA I-AA  ,#REF!,Portland State,#02461D,#FFFFFF
Prairie View A & M," ""Prairie View"," TEXAS""", Mid South, Southwestern Athletic Conference  , NCAA I-AA  ,#REF!,Prairie View A&M,,
Presbyterian," ""Clinton"," SOUTH CAROLINA""", South East, Big South Conference  , NCAA I-AA  ,#REF!,Presbyterian,,
Princeton," ""Princeton"," NEW JERSEY""", North East, Ivy League  , NCAA I-AA  ,X,Princeton,#FF6600,#000000
Purdue," ""West Lafayette"," INDIANA""", Great Lakes, Big Ten Conference  , NCAA I-A  ,#REF!,Purdue,#b1946c,#000000
Rhode Island," ""Kingston"," RHODE ISLAND""", New England, Colonial Athletic Association  , NCAA I-AA  ,#REF!,Rhode Island,#75B2DD,#347C17
Rice," ""Houston"," TEXAS""", Mid South, Conference USA  , NCAA I-A  ,X,Rice,#002469,#5e6062
Richmond," ""University of Richmond"," VIRGINIA""", Mid East, Colonial Athletic Association  , NCAA I-AA  ,#REF!,Richmond,#000066,#990000
Robert Morris," ""Moon Township"," PENNSYLVANIA""", North East, Northeast Conference  , NCAA I-AA  ,X,Robert Morris,#000064,#646464
Rutgers," ""Piscataway"," NEW JERSEY""", North East, Big Ten Conference  , NCAA I-A  ,#REF!,Rutgers,#CF0015,#D21034
Sacred Heart," ""Fairfield"," CONNECTICUT""", New England, Northeast Conference  , NCAA I-AA  ,X,Sacred Heart,#B22222,#FFFFFF
Saint Francis," ""Loretto"," PENNSYLVANIA""", North East, Northeast Conference  , NCAA I-AA  ,X,Saint Francis,,
Sam Houston State," ""Huntsville"," TEXAS""", Mid South, Southland Conference  , NCAA I-AA  ,#REF!,Sam Houston State,#5858FA,#5858FA
Samford," ""Birmingham"," ALABAMA""", South East, Southern Conference  , NCAA I-AA  ,#REF!,Samford,#ca1009,#14295e
San Diego," ""San Diego"," CALIFORNIA""", West Coast, Pioneer Football League  , NCAA I-AA  ,X,San Diego,#0031AD,#75B2DD
San Diego State," ""San Diego"," CALIFORNIA""", West Coast, Mountain West Conference  , NCAA I-A  ,X,San Diego State,#A81933,#000000
San Jose State," ""San Jose"," CALIFORNIA""", West Coast, Mountain West Conference  , NCAA I-A  ,X,San Jose State,#c79900,#005a8b
Savannah State,,,Southern,Southern, NCAA I-AA  ,X,Savannah State,#FF6600,#00209F
South Alabama," ""Mobile"," ALABAMA""", South East, Sun Belt Conference  , NCAA I-A  ,X,South Alabama,#ff0000,#ffffff
South Carolina," ""Columbia"," SOUTH CAROLINA""", South East, Southeastern Conference  , NCAA I-A  ,X,South Carolina,#8C2633,#000000
South Carolina State," ""Orangeburg"," SOUTH CAROLINA""", South East, Mid-Eastern Athletic Conference  , NCAA I-AA  ,X,South Carolina State,#960018,#69005C
South Dakota," ""Vermillion"," SOUTH DAKOTA""", North West, Missouri Valley Conference  , NCAA I-AA  ,X,South Dakota,,
South Dakota State," ""Brookings"," SOUTH DAKOTA""", North West, Missouri Valley Conference  , NCAA I-AA  ,X,South Dakota State,#0000FF,#FFFF00
South Florida," ""Tampa"," FLORIDA""", South East, American Athletic Conference  , NCAA I-A  ,#REF!,South Florida,#395f4a,#C5B358
Southeast Missouri State," ""Cape Girardeau"," MISSOURI""", Mid West, Ohio Valley Conference  , NCAA I-AA  ,X,Southeast Missouri State,#FF0000,#000000
Southeastern Louisiana," ""Hammond"," LOUISIANA""", Mid South, Southland Conference  , NCAA I-AA  ,#REF!,Southeastern Louisiana,#006643,#EAAB00
Southern," ""Baton Rouge"," LOUISIANA""", Mid South, Southwestern Athletic Conference  , NCAA I-AA  ,X,Southern,#75B2DD,#081C90
USC," ""Los Angeles"," CALIFORNIA""", West Coast, Pacific-12 Conference  , NCAA I-A  ,#REF!,,,
Southern Illinois," ""Carbondale"," ILLINOIS""", Great Lakes, Missouri Valley Conference  , NCAA I-AA  ,X,Southern Illinois,#800000,#FFFFFF
Southern Methodist," ""Dallas"," TEXAS""", Mid South, American Athletic Conference  , NCAA I-A  ,X,Southern Methodist,#B10000,#032B66
Southern Mississippi," ""Hattiesburg"," MISSISSIPPI""", Mid South, Conference USA  , NCAA I-A  ,X,Southern Miss,#000000,#FFD700
Southern Utah," ""Cedar City"," UTAH""", South West, Big Sky Conference  , NCAA I-AA  ,X,Southern Utah,#FF0000,#FFFFFF
Stanford," ""Stanford"," CALIFORNIA""", West Coast, Pacific-12 Conference  , NCAA I-A  ,X,Stanford,#990000,#FFFFFF
Stephen F Austin State," ""Nacogdoches"," TEXAS""", Mid South, Southland Conference  , NCAA I-AA  ,X,Stephen F. Austin,,
Stetson," ""DeLand"," FLORIDA""", South East, Pioneer Football League  , NCAA I-AA  ,X,Stetson,#006000,#FFFFFF
Stony Brook," ""Stony Brook"," NEW YORK""", North East, Colonial Athletic Association  , NCAA I-AA  ,#REF!,Stony Brook,#FF0101,#646464
Syracuse," ""Syracuse"," NEW YORK""", North East, Atlantic Coast Conference  , NCAA I-A  ,X,Syracuse,#FF7F00,#ffffff
Temple," ""Philadelphia"," PENNSYLVANIA""", North East, American Athletic Conference  , NCAA I-A  ,X,Temple,#a81625,#000000
Tennessee," ""Knoxville"," TENNESSEE""", Mid East, Southeastern Conference  , NCAA I-A  ,#REF!,Tennessee,#f77f00,#FFFFFF
Tennessee State," ""Nashville"," TENNESSEE""", Mid East, Ohio Valley Conference  , NCAA I-AA  ,#REF!,Tennessee State,#D2DDFC,#D2DDFC
Tennessee Tech," ""Cookeville"," TENNESSEE""", Mid East, Ohio Valley Conference  , NCAA I-AA  ,X,Tennessee Tech,#D2DDFC,#D2DDFC
Texas," ""Austin"," TEXAS""", Mid South, Big 12 Conference  , NCAA I-A  ,#REF!,Texas,#CC5500,#FFFFFF
UTEP," ""El Paso"," TEXAS""", Mid South, Conference USA  , NCAA I-A  ,X,UTEP,#FF7F00,#000080
Texas - San Antonio," ""San Antonio"," TEXAS""", Mid South, Conference USA  , NCAA I-A  ,X,Texas-San Antonio,,
Texas A&M," ""College Station"," TEXAS""", Mid South, Southeastern Conference  , NCAA I-A  ,X,Texas A&M,,
TCU," ""Fort Worth"," TEXAS""", Mid South, Big 12 Conference  , NCAA I-A  ,X,TCU,#342A7B,#FFFFFF
Texas Southern," ""Houston"," TEXAS""", Mid South, Southwestern Athletic Conference  , NCAA I-AA  ,X,Texas Southern,#ccccff,#ccccff
Texas State," ""San Marcos"," TEXAS""", Mid South, Sun Belt Conference  , NCAA I-A  ,X,Texas State,,
Texas Tech," ""Lubbock"," TEXAS""", Mid South, Big 12 Conference  , NCAA I-A  ,#REF!,Texas Tech,#CC0000,#000000
UIW," ""San Antonio"," TEXAS""", Mid South, Southland Conference  , NCAA I-AA  ,#REF!,,,
Toledo," ""Toledo"," OHIO""", Great Lakes, Mid-American Conference  , NCAA I-A  ,X,Toledo,#191970,#FFD700
Towson," ""Towson"," MARYLAND""", North East, Colonial Athletic Association  , NCAA I-AA  ,X,Towson,#000000,#FFE600
Troy," ""Troy"," ALABAMA""", South East, Sun Belt Conference  , NCAA I-A  ,X,Troy,#C41E3A,#000000
Tulane," ""New Orleans"," LOUISIANA""", Mid South, American Athletic Conference  , NCAA I-A  ,X,Tulane,#063003,#063003
Tulsa," ""Tulsa"," OKLAHOMA""", Mid South, American Athletic Conference  , NCAA I-A  ,X,Tulsa,#CFB53B,#084c9e
UC Davis," ""Davis"," CALIFORNIA""", West Coast, Big Sky Conference  , NCAA I-AA  ,X,UC Davis,#002666,#BF9900
UCLA," ""Los Angeles"," CALIFORNIA""", West Coast, Pacific-12 Conference  , NCAA I-A  ,X,UCLA,,
UNLV," ""Las Vegas"," NEVADA""", South West, Mountain West Conference  , NCAA I-A  ,#REF!,UNLV,,
UT Martin," ""Martin"," TENNESSEE""", Mid East, Ohio Valley Conference  , NCAA I-AA  ,#REF!,UT Martin,#a02643,#a02643
Utah," ""Salt Lake City"," UTAH""", South West, Pacific-12 Conference  , NCAA I-A  ,X,Utah,#CC0000,#FFFFFF
Utah State," """," UTAH""", South West, Mountain West Conference  , NCAA I-A  ,X,Utah State,#003366,#FFFFFF
Valparaiso," ""Valparaiso"," INDIANA""", Great Lakes, Pioneer Football League  , NCAA I-AA  ,#REF!,Valparaiso,#964B00,#FFD700
Vanderbilt," ""Nashville"," TENNESSEE""", Mid East, Southeastern Conference  , NCAA I-A  ,X,Vanderbilt,#000000,#997F3D
Villanova," ""Villanova"," PENNSYLVANIA""", North East, Colonial Athletic Association  , NCAA I-AA  ,#REF!,Villanova,#00337F,#ADD8E6
Virginia," ""Charlottesville"," VIRGINIA""", Mid East, Atlantic Coast Conference  , NCAA I-A  ,X,Virginia,#193980,#193980
Virginia Military Institute - VMI," ""Lexington"," VIRGINIA""", Mid East, Big South Conference  , NCAA I-AA  ,X,Virginia Military,,
Virginia Tech," ""Blacksburg"," VIRGINIA""", Mid East, Atlantic Coast Conference  , NCAA I-A  ,X,Virginia Tech,#660000,#ff6600
Wagner College," ""Staten Island"," NEW YORK""", North East, Northeast Conference  , NCAA I-AA  ,X,Wagner,#186ed1,#186ed1
Wake Forest," ""Winston-Salem"," NORTH CAROLINA""", Mid East, Atlantic Coast Conference  , NCAA I-A  ,X,Wake Forest,,
Washington," ""Seattle"," WASHINGTON""", West Coast, Pacific-12 Conference  , NCAA I-A  ,X,Washington,#363c74,#e8d3a2
Washington State," ""Pullman"," WASHINGTON""", West Coast, Pacific-12 Conference  , NCAA I-A  ,X,Washington State,#9e1b34,#606a74
Weber State," ""Ogden"," UTAH""", South West, Big Sky Conference  , NCAA I-AA  ,#REF!,Weber State,#4b2187,#FFFFFF
West Virginia," ""Morgantown"," WEST VIRGINIA""", Mid East, Big 12 Conference  , NCAA I-A  ,#REF!,West Virginia,#FFCC00,#003366
Western Carolina," ""Cullowhee"," NORTH CAROLINA""", Mid East, Southern Conference  , NCAA I-AA  ,X,Western Carolina,#592c87,#c0a878
Western Illinois," ""Macomb"," ILLINOIS""", Great Lakes, Missouri Valley Conference  , NCAA I-AA  ,X,Western Illinois,#5B027A,#FFDB00
Western Kentucky," ""Bowling Green"," KENTUCKY""", Mid East, Conference USA  , NCAA I-A  ,X,Western Kentucky,#FF2222,#00457c
Western Michigan," ""Kalamazoo"," MICHIGAN""", Great Lakes, Mid-American Conference  , NCAA I-A  ,X,Western Michigan,#6a3e0f,#e3bc85
William & Mary," ""Williamsburg"," VIRGINIA""", Mid East, Colonial Athletic Association  , NCAA I-AA  ,X,William & Mary,,
Wisconsin," ""Madison"," WISCONSIN""", Great Lakes, Big Ten Conference  , NCAA I-A  ,#REF!,Wisconsin,#cc1122,#FFFFFF
Wofford College," ""Spartanburg"," SOUTH CAROLINA""", South East, Southern Conference  , NCAA I-AA  ,#REF!,Wofford,#CFB53B,#000000
Wyoming," ""Laramie"," WYOMING""", North West, Mountain West Conference  , NCAA I-A  ,X,Wyoming,#492f24,#ffc425
Yale," ""New Haven"," CONNECTICUT""", New England, Ivy League  , NCAA I-AA  ,X,Yale,#000066,#FFFFFF
Youngstown State," ""Youngstown"," OHIO""", Great Lakes, Missouri Valley Conference  , NCAA I-AA,,Youngstown State,#FF0000,#FFFFFF
